{"cameraMode":{"drawMode":0,"name":"Shaded","section":"Shading Mode"},"sceneLighting":true,"audioPlay":false,"sceneViewState":{"showFog":true,"showMaterialUpdate":false,"showSkybox":true,"showFlares":true,"showImageEffects":true,"showParticleSystems":true},"in2DMode":false,"pivot":{"x":2.0705621242523195,"y":3.5108299255371095,"z":-29.214054107666017},"rotation":{"x":-0.016432980075478555,"y":-0.9834972023963928,"z":0.13358436524868012,"w":-0.12099196761846543},"size":2.6606104373931886,"orthographic":false}