{"cameraMode":{"drawMode":0,"name":"Shaded","section":"Shading Mode"},"sceneLighting":true,"audioPlay":false,"sceneViewState":{"showFog":true,"showMaterialUpdate":false,"showSkybox":true,"showFlares":true,"showImageEffects":true,"showParticleSystems":true},"in2DMode":false,"pivot":{"x":-12.238183975219727,"y":4.872010707855225,"z":-12.458301544189454},"rotation":{"x":0.09135103225708008,"y":-0.7683682441711426,"z":-0.11259173601865769,"w":-0.6233874559402466},"size":6.499231338500977,"orthographic":false}