{"cameraMode":{"drawMode":0,"name":"Shaded","section":"Shading Mode"},"sceneLighting":true,"audioPlay":false,"sceneViewState":{"showFog":true,"showMaterialUpdate":false,"showSkybox":true,"showFlares":true,"showImageEffects":true,"showParticleSystems":true},"in2DMode":false,"pivot":{"x":1.767807960510254,"y":3.035025119781494,"z":-18.493465423583986},"rotation":{"x":-0.14341995120048524,"y":-0.8562672734260559,"z":0.36344173550605776,"w":-0.3379344940185547},"size":4.162114143371582,"orthographic":false}