{"cameraMode":{"drawMode":0,"name":"Shaded","section":"Shading Mode"},"sceneLighting":true,"audioPlay":false,"sceneViewState":{"showFog":true,"showMaterialUpdate":false,"showSkybox":true,"showFlares":true,"showImageEffects":true,"showParticleSystems":true},"in2DMode":false,"pivot":{"x":-15.056303024291993,"y":-13.152848243713379,"z":0.08356285095214844},"rotation":{"x":0.33315154910087588,"y":-0.4825924038887024,"z":0.2051725685596466,"w":0.7836039662361145},"size":13.533687591552735,"orthographic":false}